{
  "generatedAt": "2025-11-13T01:21:16.236Z",
  "period": "24 hours",
  "totalChecks": 1,
  "successfulChecks": 0,
  "failedChecks": 0,
  "errorChecks": 1,
  "components": {
    "login": {
      "working": 0,
      "failed": 1
    },
    "tokenExpiry": {
      "working": 0,
      "failed": 1
    },
    "validRequest": {
      "working": 0,
      "failed": 1
    },
    "autoRefresh": {
      "working": 0,
      "failed": 1
    },
    "tokenRotation": {
      "working": 0,
      "failed": 1
    }
  },
  "recentErrors": [],
  "uptime": {
    "percentage": 0,
    "status": "poor"
  }
}