{
  "checkId": 1762996872840,
  "timestamp": "2025-11-13T01:21:12.840Z",
  "baseUrl": "https://bidmaster-api.onrender.com/api",
  "status": "error",
  "steps": {},
  "summary": {
    "overallSuccess": false,
    "error": "Request failed with status code 404"
  },
  "errors": [],
  "error": "Request failed with status code 404",
  "stack": "AxiosError: Request failed with status code 404\n    at settle (file:///D:/New%20folder%20(2)/Main%20folder/Bid%20app%20Backend/node_modules/axios/lib/core/settle.js:19:12)\n    at IncomingMessage.handleStreamEnd (file:///D:/New%20folder%20(2)/Main%20folder/Bid%20app%20Backend/node_modules/axios/lib/adapters/http.js:793:11)\n    at IncomingMessage.emit (node:events:531:35)\n    at endReadableNT (node:internal/streams/readable:1698:12)\n    at process.processTicksAndRejections (node:internal/process/task_queues:90:21)\n    at Axios.request (file:///D:/New%20folder%20(2)/Main%20folder/Bid%20app%20Backend/node_modules/axios/lib/core/Axios.js:45:41)\n    at process.processTicksAndRejections (node:internal/process/task_queues:105:5)\n    at async performHealthCheck (file:///D:/New%20folder%20(2)/Main%20folder/Bid%20app%20Backend/src/scripts/jwt_refresh_monitor.js:90:5)\n    at async runMonitoringCycle (file:///D:/New%20folder%20(2)/Main%20folder/Bid%20app%20Backend/src/scripts/jwt_refresh_monitor.js:496:18)\n    at async Module.runOnce (file:///D:/New%20folder%20(2)/Main%20folder/Bid%20app%20Backend/src/scripts/jwt_refresh_monitor.js:505:20)"
}